1,391,393
2,302,1123
1,393,1183
2,1279,302
1,1183,392
2,1033,1279
1,392,1479
2,390,1033
1,1479,391
2,1123,390
3,527,312
3,312,314
3,314,70
3,70,1337
3,1337,313
3,313,527
4,1580,2083
4,1581,1580
4,2258,1581
4,2144,2258
4,2083,2144
14,187,23
187,100,204
14,23,275
14,275,252
14,252,835
252,1489,835
14,10,187
187,10,100
14,835,10
253,836,251
251,836,545
253,275,23
251,717,253
253,717,275
253,23,187
253,187,249
249,187,204
253,249,836
249,204,9
835,142,10
142,205,100
142,100,10
835,1489,820
835,820,142
836,712,800
836,800,545
836,249,141
141,249,9
141,9,206
836,141,712
820,619,142
619,173,205
619,205,142
1489,198,820
712,141,618
618,141,206
618,206,172
1360,1240,2134
1360,1550,2148
1360,2134,1550
1360,394,472
472,394,524
1360,2148,394
1379,1549,1531
1379,1531,134
1379,2147,1549
1379,134,1241
1379,471,395
1379,395,2147
471,525,395
394,1911,524
395,525,1910
2148,1911,394
2148,2485,1911
2147,1910,2484
2147,395,1910
2485,2430,1911
2484,1910,2141
497,820,1240
1240,820,198
497,93,619
497,619,820
93,831,619
619,831,173
496,1241,800
496,800,712
496,618,92
92,618,830
496,712,618
618,172,830
497,1360,472
472,524,831
497,472,93
472,831,93
497,1240,1360
496,92,471
471,92,830
496,471,1379
471,830,525
496,1379,1241
1876,1145,2497
1876,1274,1145
1876,2497,2145
1145,1274,318
2145,1739,1876
1739,487,1274
1739,1274,1876
1739,2145,2095
2497,1145,1738
1738,1145,318
1738,318,488
1738,2094,2497
2474,2385,2606
1004,1148,1150
1004,1150,1739
1004,1739,2095
1004,2095,2316
2512,2330,2094
2512,2094,1738
2512,1738,1151
2512,1151,1149
1813,2474,905
1739,1150,487
1738,488,1151
1767,2316,2095
1767,2095,1587
2330,1636,1588
2330,1588,2094
2145,916,1587
2145,1587,2095
2497,2094,1588
2497,1588,1822
1822,2145,2497
1822,916,2145
2316,1767,2116
2166,2385,2692
2166,2471,2385
2166,197,2471
2420,2471,1715
2471,805,1715
2420,2606,2385
2420,2385,2471
1635,2116,1767
1849,1635,1641
1635,1849,2116
1635,1767,1587
1635,1587,2302
1635,2302,1641
2221,1640,2162
2221,2162,1562
2221,1562,1588
2221,1588,1636
1849,1641,1677
2221,1676,1640
2221,1636,2420
1797,1587,916
1797,2302,1587
1795,1822,1588
1795,1588,1562
1795,916,1822
1795,2527,1797
1795,1797,916
1849,2166,2116
2166,2692,2116
1715,1676,2221
1715,2221,2420
1849,1677,530
1715,529,1676
822,2166,1849
822,1849,530
822,530,783
822,197,2166
805,25,529
805,529,1715
2140,2233,164
2140,164,726
726,2560,2678
2140,726,2437
726,2678,2437
2233,2471,197
135,2140,2437
2437,2678,1278
135,2437,1278
2233,805,2471
135,248,2233
2233,248,805
135,2233,2140
2560,1278,2678
164,783,786
164,786,726
786,132,726
726,132,2686
726,2686,2560
164,2233,783
783,2233,197
783,197,822
233,135,1278
233,1278,131
1278,2686,131
248,25,805
233,18,248
248,18,25
233,248,135
2686,1278,2560
19,274,32
32,274,37
274,28,38
274,38,37
19,32,26
19,26,12
12,26,200
26,278,200
19,12,304
19,304,320
12,200,294
12,294,304
19,320,338
19,338,274
274,338,369
274,369,28
250,319,303
250,303,220
220,303,295
220,295,278
250,220,26
250,26,32
220,278,26
250,37,24
24,37,279
250,32,37
37,38,279
250,24,339
250,339,319
24,279,370
24,370,339
1296,208,190
1296,190,114
208,200,278
208,278,190
1296,114,82
1296,82,282
82,1274,282
208,294,200
114,288,388
114,388,82
388,318,1274
388,1274,82
114,190,290
114,290,288
190,278,290
290,278,295
1296,523,208
523,294,208
1280,1339,338
1280,338,320
1339,1459,369
1339,369,338
1280,320,304
1280,304,1210
1210,304,294
1210,294,1160
1281,1211,303
1281,303,319
1211,1159,295
1211,295,303
1281,319,339
1281,339,1338
1338,339,370
1338,370,1458
523,1160,294
1296,282,1494
1494,282,1274
1494,1274,487
1296,1494,993
1296,993,1025
1296,1025,523
523,1025,1160
572,1495,388
572,388,288
1495,488,318
1495,318,388
614,295,1159
572,288,290
572,290,614
614,290,295
1244,548,1099
1045,1099,548
441,1150,1148
1229,1341,1025
1229,1025,993
1341,1484,1160
1341,1160,1025
1229,993,1494
1229,1494,441
441,1494,1150
1228,281,283
1228,283,1340
1340,283,1159
1340,1159,1483
440,1149,1151
1228,440,1495
1228,1495,281
440,1151,1495
494,537,1339
494,1339,1280
537,558,1459
537,1459,1339
494,1280,1210
494,1210,475
475,1210,1160
475,1160,1484
493,1281,1338
493,1338,536
536,1338,1458
536,1458,559
493,474,1211
493,1211,1281
474,1483,1159
474,1159,1211
1229,441,934
441,1148,934
1228,933,440
440,933,1149
1494,487,1150
281,572,614
281,614,283
283,614,1159
281,1495,572
1495,1151,488
69,76,537
69,537,494
76,83,558
76,558,537
69,494,475
69,475,62
62,475,1484
68,63,474
68,474,493
63,1483,474
68,493,536
68,536,75
75,536,559
75,559,84
340,433,1244
340,1244,1446
433,548,1244
340,1446,886
340,886,434
434,886,1451
434,1451,483
341,435,1320
341,1320,1188
435,482,910
435,910,1320
341,1188,871
341,871,432
432,871,1134
340,434,76
340,76,69
434,483,83
434,83,76
340,69,62
340,62,433
433,62,1484
433,1484,548
341,432,63
341,63,68
432,1134,1483
432,1483,63
341,68,75
341,75,435
435,75,84
435,84,482
1878,1045,1341
1878,1341,1229
1045,548,1484
1045,1484,1341
1878,1229,934
1878,934,873
934,1148,904
934,904,873
1029,1762,933
933,1762,905
933,905,1149
1029,933,1228
1029,1340,1046
1046,1340,1483
1046,1483,1134
1029,1228,1340
561,621,221
561,221,207
561,207,11
207,27,11
11,27,990
11,990,998
561,11,2288
11,998,2288
555,1770,299
555,299,152
555,152,221
555,221,621
242,207,221
242,221,217
280,242,44
280,44,38
280,38,28
242,217,44
280,28,369
280,369,1488
280,27,242
242,27,207
280,1488,990
280,990,27
209,1023,384
209,384,31
31,384,370
31,370,279
209,31,0
209,0,217
217,0,44
31,279,0
0,279,38
0,38,44
209,217,221
209,221,152
209,152,299
209,299,1023
1770,542,299
1023,299,542
752,535,998
998,535,2288
752,998,990
752,1816,535
752,1637,1816
554,2272,2185
554,2185,542
554,542,1770
1488,752,990
1486,1488,369
1486,369,1459
1488,1486,1761
1488,1761,752
43,1690,1485
43,1485,384
43,384,1023
1485,1458,370
1485,370,384
43,1023,542
43,2185,1690
43,542,2185
102,1105,876
1105,102,1761
1105,1761,1486
1105,1486,583
583,1486,1459
583,1459,558
549,1690,495
1690,2185,495
549,495,1042
549,582,1485
549,1485,1690
582,559,1458
582,1458,1485
613,876,1599
613,102,876
613,1637,1761
613,1761,102
1637,892,1761
547,1600,1042
547,1042,495
547,495,2272
2272,495,2185
711,549,1042
711,582,549
1761,892,752
892,1637,752
477,483,1451
477,1451,2243
2243,297,477
2242,476,296
476,2242,910
476,910,482
1981,2243,1642
1642,850,1981
1981,850,1615
1981,297,2243
1643,1982,2223
1982,1643,2242
1982,2242,296
1449,1599,876
1449,876,332
1450,1042,1600
1450,333,1042
823,332,1105
332,876,1105
823,1105,583
823,583,558
823,558,83
711,91,582
91,84,559
91,559,582
711,1042,333
477,297,332
477,332,823
477,823,83
477,83,483
476,711,333
476,333,296
476,91,711
476,482,84
476,84,91
1981,1449,332
1981,332,297
1982,296,333
1982,333,1450
2010,2545,1472
2010,1472,189
2010,189,2068
201,720,262
510,201,276
510,276,796
201,262,276
276,262,680
510,796,1447
510,1447,917
511,979,797
511,797,262
511,262,720
511,1979,979
796,276,277
796,277,824
276,680,826
276,826,277
796,824,298
796,298,1447
797,293,1487
797,1487,825
797,825,826
797,826,680
797,680,262
797,979,293
917,1447,1452
1447,298,632
1447,632,608
1447,608,1452
293,1455,1506
293,1506,1487
293,979,1455
1452,2002,917
543,1452,1766
1452,543,2002
1979,2209,1639
1979,1639,1455
1979,1455,979
608,632,1962
608,1962,1766
608,1766,1452
1455,1798,79
1455,79,1506
1455,1639,1798
179,151,2068
179,2068,189
179,189,1472
179,1472,1247
179,1247,1766
179,1766,151
151,1766,1962
1247,1336,2120
1247,2120,1766
1798,2092,79
2120,543,1766
833,717,719
833,252,275
833,275,717
833,216,589
833,719,216
833,589,1966
833,1966,366
833,366,1489
833,1489,252
115,1329,588
115,588,719
115,719,717
115,717,251
115,251,545
115,545,1329
366,1966,480
366,480,1489
1329,481,685
1329,685,1794
1329,545,481
480,1966,1237
480,1237,1765
480,1765,198
480,198,1489
481,1955,1178
481,1178,685
481,545,800
481,800,1955
139,157,2134
2134,157,1548
139,988,1234
139,2134,1240
139,1240,988
139,1234,157
2614,606,134
606,1955,134
134,1955,1241
2614,134,1531
2614,2098,606
606,2098,1734
988,198,1765
988,1240,198
1955,800,1241
1955,1734,1178
988,1765,1234
1955,606,1734
1854,1535,1519
1854,2541,1535
1854,1519,478
478,1519,1647
1854,478,920
1853,479,1520
479,1646,1520
1853,1520,1534
1853,1534,2542
1853,919,479
2541,2616,1665
2616,2597,1665
2542,1664,2615
2615,1664,2596
1665,1535,2541
1664,2542,1534
1707,2062,2617
1181,920,478
1707,1181,1647
1707,1647,846
1181,478,1647
1707,846,1022
1707,1022,2062
1708,847,1646
1708,1646,1182
1182,1646,479
1182,479,919
1708,2618,2063
1708,1021,847
1708,2063,1021
1799,1282,1681
1681,1977,1461
2157,2617,2076
2188,2077,2618
1521,2115,2157
1522,2188,1626
2076,1521,2157
2076,2617,2062
2077,2063,2618
2077,2188,1522
1842,904,1148
1842,2692,2052
2474,1149,905
1842,2316,2692
2316,1842,1148
2316,1148,1004
2512,1149,2474
1842,2052,904
2316,2116,2692
2330,2606,1636
2606,2420,1636
2706,2527,1243
2477,1721,1677
2137,951,1676
2137,1676,1685
2739,2600,2477
2739,2137,1098
1721,530,1677
1685,809,1098
1685,1676,529
2679,2739,1098
1721,2477,2600
1685,1098,2137
2739,2679,2600
1721,2600,2679
1721,2679,2359
1721,2359,273
1721,273,783
1721,783,530
809,2359,2679
809,2679,1098
1685,529,809
529,25,809
786,2265,2028
786,2028,132
132,2028,2686
786,783,273
786,273,2359
786,2359,2265
2265,13,18
2265,18,233
13,809,18
18,809,25
2265,233,131
2265,131,2028
131,2686,2028
2265,2359,13
13,2359,809
2162,1648,1243
2755,2706,1648
2706,2755,1684
2755,1649,1684
2706,1684,2527
2706,1243,1648
1684,2302,1797
1684,1797,2527
2162,2527,1795
2162,1795,1562
2162,1243,2527
2477,1677,1641
951,1640,1676
2477,1641,1649
951,2137,1648
951,1648,1640
1649,1641,1684
1641,2302,1684
1648,2162,1640
2739,2477,2755
2477,1649,2755
2739,2755,2383
2383,2755,2137
2137,2755,1648
2383,2137,2739
2385,1813,2052
2052,1563,904
2052,1813,1563
2052,2692,2385
2385,2474,1813
1813,905,1563
1709,1768,311
311,1768,856
1709,311,1878
311,856,1099
1709,1878,1595
1768,389,856
1709,1595,1762
1762,1595,1563
1878,311,1045
311,1099,1045
1878,873,1595
1595,873,904
1595,904,1563
1709,1762,1029
1709,1029,1046
1709,1046,1768
1768,1046,1134
1768,1134,389
1762,1563,905
1446,891,929
1446,929,116
116,929,952
116,952,1451
1244,1099,856
1446,1244,1127
1446,1127,891
1244,856,1127
891,1127,1188
891,1188,1320
891,1320,929
929,1320,143
929,143,952
1127,856,389
1446,116,886
886,116,1451
871,389,1134
1320,910,143
1188,1127,871
871,1127,389
1948,1451,952
1948,963,2103
1948,952,963
2103,963,406
963,143,406
2103,406,1073
963,952,143
2243,1948,1642
2243,1451,1948
2242,1643,1073
2242,1073,406
2242,406,143
2242,143,910
486,1616,485
485,1616,1629
486,2103,1616
486,1948,2103
1616,1073,379
1616,379,1361
1616,1361,1629
1616,2103,1073
1642,486,485
1642,485,850
485,1615,850
1642,1948,486
1643,2223,379
379,2223,1361
1643,379,1073
710,1799,1681
710,2157,2115
710,2115,1482
710,1482,1799
1282,1954,580
1282,2188,610
610,1681,1282
1282,1799,1954
2188,580,1626
2188,1282,580
1461,2157,710
1461,2617,2157
1461,710,1681
610,2188,2618
610,2618,1977
610,1977,1681
810,679,470
810,812,679
810,470,1830
811,872,1082
811,1082,538
811,538,203
811,203,812
812,203,679
811,315,872
470,679,202
470,202,577
679,664,202
577,284,939
577,939,470
470,939,1830
538,1082,1061
538,1061,526
538,526,664
538,664,203
203,664,679
1830,629,316
872,1142,1082
872,315,631
939,284,586
939,586,1137
939,1137,1121
939,1121,1830
1082,1142,1125
1082,1125,1061
1121,629,1830
1121,687,1862
1121,1862,629
687,2124,1862
700,2208,1142
700,857,2208
700,1142,872
700,872,631
700,631,1846
700,1846,857
1137,586,2181
1137,2181,687
1137,687,1121
1142,2208,2191
1142,2191,1125
607,1410,1701
607,1701,2630
607,2124,2181
607,2181,1410
1275,2652,2257
1275,2257,1141
1275,1141,2191
1275,2191,2208
323,607,2630
323,1862,2124
323,2124,607
2652,1275,1208
1208,1275,2208
2181,2124,687
857,1846,1208
857,1208,2208
216,719,697
589,216,150
589,150,425
216,697,150
589,425,1966
425,999,1966
588,1794,426
588,426,697
588,697,719
588,1329,1794
150,697,720
425,150,201
425,201,510
150,720,201
425,510,999
510,917,999
426,1979,511
426,511,720
426,720,697
426,1794,1979
1966,999,2002
999,917,2002
1237,1966,2002
2002,2253,1237
685,1178,2249
685,2249,424
685,424,1794
2002,543,2253
424,2249,2209
424,2209,1979
424,1979,1794
1472,2545,698
1472,698,1336
1472,1336,1247
698,2545,2234
698,2234,1548
698,1548,157
698,157,1234
698,1234,1336
1234,2253,1336
2253,543,2120
2253,1765,1237
2249,1178,1734
2253,2120,1336
2209,2249,2362
2253,1234,1765
577,202,199
577,199,568
202,664,630
202,630,199
568,1043,284
568,284,577
526,1061,1044
526,1044,504
526,504,630
526,630,664
568,199,561
199,630,621
199,621,561
568,561,2288
2288,1043,568
504,1044,1770
504,1770,555
504,555,621
504,621,630
1043,1115,586
1043,586,284
1061,1125,1111
1061,1111,1044
2288,1115,1043
1044,1111,1770
1115,2186,2181
1115,2181,586
1125,2191,2184
1125,2184,1111
535,1115,2288
535,1816,2186
535,2186,1115
1111,2184,2272
1111,2272,554
1111,554,1770
1104,1599,2217
1104,613,1599
1104,2186,1816
1104,1637,613
1104,1816,1637
1108,915,1600
1108,1600,547
1108,547,2272
1108,2272,2184
1410,1104,2217
1410,2217,1605
1410,1605,1701
1410,2181,2186
1410,2186,1104
1141,2257,1619
1141,1619,1108
1108,1619,915
1141,1108,2184
1141,2184,2191
1954,1799,1482
1954,1482,1629
1984,1981,1615
1984,1627,1683
1983,1682,1628
1983,2223,1982
1599,1449,2212
1599,2212,2217
1600,2213,1450
1600,915,1551
1551,915,1619
1600,1551,2213
2212,1449,1981
2212,1981,1984
2213,1983,1982
2213,1982,1450
1627,2115,1521
1627,1521,1683
1627,1984,1615
1628,2223,1983
1628,1682,1522
1628,1522,1626
1482,801,1629
1629,801,485
1361,1954,1629
1361,580,1954
801,2115,1627
801,1627,1615
1615,485,801
801,1482,2115
1361,2223,1628
1361,1628,580
580,1628,1626
2652,1208,2523
1208,1846,2523
2098,2362,1734
2111,1639,2209
2111,2209,2362
2111,2254,1639
2362,2249,1734
2254,2092,1798
2254,1798,1639
824,277,240
824,240,176
277,826,240
824,176,305
824,305,1072
824,1072,298
677,176,240
677,240,241
677,241,810
241,812,810
677,316,365
810,1830,677
677,1830,316
677,365,305
677,305,176
178,811,812
178,812,29
29,812,241
178,29,20
178,20,177
29,241,240
29,240,20
178,177,306
178,306,364
178,364,315
178,315,811
825,177,20
825,20,826
826,20,240
825,1487,306
825,306,177
1072,305,683
1072,632,298
365,316,629
365,629,673
365,673,683
365,683,305
364,306,684
364,684,676
364,676,631
364,631,315
1487,1506,684
1487,684,306
103,632,1072
103,1072,683
103,683,1978
103,1978,1644
103,1962,632
103,1644,1962
673,629,1862
673,1862,1944
673,1944,1978
673,1978,683
676,684,85
676,85,400
676,400,1846
676,1846,631
1506,79,1806
1506,1806,85
1506,85,684
761,323,2630
2630,2029,761
761,195,1978
761,1978,1944
761,1944,1862
761,1862,323
156,195,2029
156,2029,2060
195,761,2029
156,2060,2068
156,2068,151
156,151,1962
156,1962,1644
156,1644,1978
156,1978,195
1806,2442,85
1806,79,2092
400,2442,2523
400,2523,1846
400,85,2442
2442,1806,2092
1755,2585,2684
2585,2697,2684
2684,2697,2027
1755,2661,2585
2697,2713,2027
2697,2585,2713
2661,932,2585
2661,2644,932
1755,2644,2661
2621,2713,2326
2621,2326,2644
2621,2684,2713
2713,2684,2027
932,2713,2585
932,2644,2326
932,2326,2713
2644,1755,2621
1755,2684,2621
839,1508,1507
839,1507,1552
840,1553,1510
840,1510,1509
2453,2088,2479
2005,2011,2190
196,2024,1478
2024,2660,1478
196,2005,2190
196,1478,2011
196,2011,2005
196,2190,2024
2024,2190,2488
2051,1478,505
1478,2046,2214
1478,2214,505
2051,2011,1478
1478,2660,2046
2034,1560,2307
505,1411,2051
1411,2451,2051
505,2214,2016
505,2016,1411
2108,2451,1411
2108,1411,2590
2590,1411,2016
2108,2590,1560
2108,1560,2034
2500,2138,1726
2608,1656,816
2608,816,1726
1726,816,2500
989,2255,214
989,214,723
2255,445,214
989,723,1815
1815,816,1656
723,214,1740
214,445,1638
214,1638,1740
723,816,1815
405,723,1740
405,403,816
405,816,723
403,2500,816
2070,1575,445
2070,445,2255
1575,1547,445
1547,1638,445
1651,2434,767
1651,834,2138
2138,834,1726
2468,767,2434
767,2468,2299
767,2299,834
834,2608,1726
834,1651,767
2299,2608,834
1743,2608,133
133,2138,1743
2500,1743,2138
1656,2608,782
1656,782,1815
1743,2500,782
1743,782,2608
989,1815,782
989,782,101
989,101,2255
101,782,695
101,695,696
695,782,2500
101,696,215
215,1638,587
101,215,2255
215,587,2255
696,695,403
696,403,405
695,2500,403
696,405,1740
696,1740,215
1740,1638,215
2070,587,1575
2070,2255,587
1575,587,1547
1547,587,1638
1651,2138,709
1651,709,2434
709,2468,2434
709,2138,133
709,133,2608
709,2299,2468
2299,709,2608
126,728,1793
126,1793,980
126,980,499
126,499,498
126,498,770
126,770,728
728,2232,1793
728,770,1323
728,1323,2232
1323,2370,2232
1323,1529,2370
2370,1529,754
2370,754,1622
1101,1624,848
1101,1297,1624
1101,848,1622
1101,1622,754
848,489,1622
848,1624,489
489,1793,2232
1793,489,1624
1793,1624,1230
1793,1230,980
2232,2370,1622
2232,1622,489
499,980,1874
499,1874,727
499,727,771
499,771,210
499,210,498
727,1874,1533
727,1533,1322
727,1322,771
1322,1533,2369
1322,2369,1528
2369,1621,753
2369,753,1528
1297,753,1621
1297,1621,849
1297,849,1624
849,1621,1230
849,1230,1624
980,1230,1874
1874,1230,1621
1874,1621,2369
1874,2369,1533
2688,2415,2691
2556,2699,2416
2416,2640,2348
2513,2415,2347
2513,2691,2415
2640,2416,2699
2647,2604,2380
2717,2730,2381
2380,2592,2647
2164,2610,2675
2164,2676,2219
2164,2675,2676
2164,2219,2741
2741,2219,2673
2219,2676,2552
2579,2318,2572
2578,2571,2319
2579,2572,2335
2578,2334,2571
2720,2704,2665
2331,2712,2325
2339,2627,2338
2339,2720,2093
2339,2093,2349
2356,2567,2635
2587,2627,2411
2567,2346,2635
2338,2627,2587
2349,2586,2356
2750,2712,2331
2325,2712,2374
2665,2374,2720
2750,2346,2567
2320,2346,2750
2708,2587,2411
2061,1246,2366
2366,1246,1481
2622,1480,1245
2622,1245,2414
2329,819,821
2329,821,2436
2622,2187,818
2436,821,2078
2078,832,2065
2329,1481,819
2622,818,1480
2366,1481,2329
2338,2720,2339
2586,2567,2356
2665,2035,2374
2325,2374,2035
2374,2712,2093
2374,2093,2720
2093,2712,2586
2093,2586,2349
804,368,456
804,456,410
368,2492,57
368,57,456
804,410,1481
804,1481,1246
803,1245,1480
803,1480,409
803,409,457
803,457,367
367,457,58
367,58,2491
804,73,368
73,2059,368
368,2059,2492
804,1246,730
1246,2061,730
803,729,1245
1245,729,2414
803,367,74
74,367,2058
367,2491,2058
410,456,838
410,838,90
456,2429,838
410,90,819
410,819,1481
409,1480,818
409,818,795
409,795,153
409,153,457
457,153,2428
2492,2429,57
2491,58,2428
456,57,2429
457,2428,58
682,188,707
188,2139,707
682,832,633
682,633,188
188,2113,2139
171,180,682
682,180,832
180,2065,832
171,682,707
707,2139,1598
171,707,721
707,1598,2112
707,2112,721
633,838,188
838,2113,188
633,832,821
821,832,2078
795,171,721
795,110,171
171,110,180
110,2187,2065
110,2065,180
90,838,633
90,633,821
90,821,819
795,721,153
153,721,2112
795,818,110
818,2187,110
2429,2113,838
2428,153,2112
106,60,73
106,73,804
60,2102,73
73,2102,2059
730,2061,2263
106,804,730
105,74,59
59,74,2101
105,803,74
74,2058,2101
105,729,803
729,2264,2414
2771,2555,2642
2555,2771,2702
2771,2589,2698
2702,2771,2698
2642,2589,2771
2569,852,160
2570,159,851
2569,161,854
2570,853,158
2022,2724,2695
2022,2695,2097
2021,2096,2694
2021,2694,2725
2097,2695,2724
2096,2725,2694
226,2569,160
226,160,169
226,169,694
226,694,793
226,793,51
226,51,264
226,264,2580
226,2580,2569
229,263,52
229,52,791
229,791,691
229,691,167
229,167,159
229,159,2570
229,2570,2581
229,2581,263
227,2569,2580
227,2580,266
227,266,261
227,261,792
227,792,693
227,693,168
227,168,161
227,161,2569
228,166,692
228,692,794
228,794,260
228,260,265
228,265,2581
228,2581,2570
228,2570,158
228,158,166
269,50,2517
269,2517,2508
269,2508,2724
269,2724,2022
269,2022,2580
269,2580,264
269,264,51
269,51,50
270,263,2581
270,2581,2021
270,2021,2725
270,2725,2507
270,2507,2516
270,2516,49
270,49,52
270,52,263
272,2097,2724
272,2724,2508
272,2508,2517
272,2517,256
272,256,261
272,261,266
272,2022,2097
272,266,2580
272,2580,2022
271,265,260
271,260,257
271,257,2516
271,2516,2507
271,2507,2725
271,2725,2096
271,2096,2021
271,2021,2581
271,2581,265
2569,854,2746
2569,2746,852
2570,2747,853
2570,851,2747
2746,854,161
2747,158,853
2746,160,852
2747,851,159
2550,169,160
2550,160,2746
2550,2624,694
2550,694,169
2551,2747,159
2551,159,167
2551,167,691
2551,691,2623
2550,2746,161
2550,161,168
2550,168,693
2550,693,2624
2551,2623,692
2551,692,166
2551,166,158
2551,158,2747
793,694,2406
793,2406,2651
793,2651,2174
793,2174,259
793,259,51
791,258,2175
791,2175,2650
791,2650,2407
791,2407,691
791,52,258
792,261,2651
2651,261,268
2651,268,2174
792,2651,693
794,692,2650
2650,2175,267
794,2650,260
2650,267,260
255,2153,2728
255,2728,192
255,192,2517
255,2517,50
255,50,51
255,51,259
255,259,2174
255,2174,2153
254,258,52
254,52,49
254,49,2516
254,2516,191
254,191,2727
254,2727,2152
254,2152,2175
254,2175,258
2424,2517,192
2424,192,2728
2425,191,2516
2425,2727,191
211,256,2517
211,2517,2424
211,2728,2153
211,2424,2728
211,2153,268
268,2153,2174
211,268,256
268,261,256
212,267,2152
267,2175,2152
212,2152,2727
212,2727,2425
212,2516,257
212,2425,2516
212,257,267
267,257,260
2624,693,2406
693,2651,2406
2623,2407,692
692,2407,2650
2624,2406,694
2623,691,2407
2753,1857,2530
2752,2529,1858
186,2336,2553
186,129,2336
186,2553,827
827,2553,2007
186,827,1355
186,1355,2464
186,2464,129
185,1356,828
185,828,2554
828,2008,2554
185,2554,2337
185,2337,130
185,2465,1356
185,130,2465
1355,2633,2142
1355,2142,2464
1356,2143,2632
1356,2465,2143
509,579,2553
509,2553,2336
509,2336,466
508,2337,2554
508,467,2337
508,2554,578
2142,579,509
2142,137,579
2142,509,2464
2464,509,466
2143,2465,508
2465,467,508
2143,508,578
2143,578,136
2388,926,2753
2389,2752,925
2462,2322,1264
2462,1264,503
2463,1265,2321
2463,502,1265
1264,2328,503
1264,2322,2732
1265,502,2327
1265,2731,2321
1175,2732,2322
1175,2322,2462
1176,2463,2321
1176,2321,2731
2352,503,579
2352,579,137
137,2142,2352
2352,2462,503
136,2353,2143
2353,136,578
2353,578,502
2353,502,2463
113,2328,2007
113,2007,2553
113,2553,579
113,579,503
113,503,2328
112,502,578
112,2008,2327
112,578,2554
112,2554,2008
112,2327,502
2352,109,2462
2352,2633,109
2633,1355,109
2353,2463,108
2353,108,2632
2632,108,1356
96,2328,1175
96,2462,109
96,1175,2462
96,109,827
827,109,1355
96,827,2007
96,2007,2328
97,828,108
828,1356,108
97,108,2463
97,2463,1176
97,1176,2327
97,2327,2008
97,2008,828
2732,1175,2026
2731,2025,1176
2026,2328,1264
2026,1264,2732
2025,2731,1265
2025,1265,2327
2328,2026,1175
2327,1176,2025
2352,2142,2633
2353,2632,2143
71,129,2441
129,2464,2441
71,2441,2360
71,2360,1973
71,2759,2014
71,1973,2759
71,2014,129
129,2014,2336
72,2015,2683
72,2683,1974
72,2361,2440
72,1974,2361
72,2440,130
130,2440,2465
72,130,2015
130,2337,2015
382,466,2014
466,2336,2014
382,2014,2759
382,2759,1992
383,2015,467
467,2015,2337
383,2683,2015
383,1993,2683
2441,466,382
2441,2464,466
2441,382,2158
2158,382,1992
2440,2159,383
2159,1993,383
2440,383,467
2440,467,2465
2441,2158,2360
2440,2361,2159
2410,2563,1512
2410,1512,2402
2563,2410,2402
2563,2402,1512
1857,2759,2402
1857,2402,2530
1858,2529,2658
2530,2402,2759
2530,2759,2210
2530,2210,2753
2529,2752,2211
2529,2211,2350
2529,2350,2658
2683,2350,1680
2211,1680,2350
2683,1632,2658
2683,2658,2350
1858,2658,1632
1993,1632,2683
926,1992,2759
926,2759,1857
926,1857,2753
925,1858,1632
925,2752,1858
925,1632,1993
1974,2683,1680
2388,2753,2210
2388,2210,2759
2388,2759,1973
2389,2211,2752
2389,1974,1680
2389,1680,2211
926,2388,971
971,2388,2365
926,971,1992
925,1993,972
925,972,2389
972,2364,2389
2360,2158,1992
2360,1992,971
2361,972,1993
2361,1993,2159
2365,2360,971
2364,972,2361
1973,2360,2365
1973,2365,2388
1974,2389,2364
1974,2364,2361
2317,1939,2761
2445,2023,138
2023,2317,138
2766,2445,2044
2654,2641,2259
2641,2654,2762
2654,2259,2677
2315,2705,2687
2315,2687,1810
2173,2317,2761
2173,1576,1502
2173,15,175
2173,1502,15
2173,175,2317
1939,174,678
1939,678,1008
1939,2317,174
174,2317,2023
1502,2595,1540
1502,1540,1570
581,1570,1540
581,1540,2595
581,2595,1008
581,1008,678
2595,1502,1576
170,138,175
138,2317,175
170,175,15
170,15,1502
170,1502,2478
170,2478,2448
170,2448,165
170,165,2445
170,2445,138
165,2044,2445
829,678,174
829,174,2445
2445,174,2023
829,2445,766
766,2445,245
1570,2478,1502
2478,1570,581
2478,581,678
2478,678,829
2478,829,766
2478,766,2448
573,2766,2044
573,2044,165
573,165,681
681,165,2448
245,2766,2620
245,2620,2373
245,2373,766
245,2445,2766
681,2448,2373
681,2373,573
2373,2448,766
2173,2761,1024
2173,1024,1836
2173,1836,1576
1939,1008,962
1939,962,1810
1008,2595,962
1939,1810,2761
2595,1576,1836
2595,2344,962
2762,2654,2677
2259,2641,2559
2259,2559,2762
2259,2762,2677
2641,2762,2559
2620,573,2373
2766,573,2620
2687,2761,1810
1836,2315,2419
2315,1836,1024
1024,2687,2705
1024,2705,2315
1810,962,2315
2315,962,2419
1024,2761,2687
2419,2344,1836
2595,1836,2344
2344,2419,962
2072,2169,2109
2494,2577,2072
2494,2072,2109
2494,2109,2169
2494,2169,2577
2169,2072,2577
866,2426,2378
2666,2067,2012
2067,2680,841
2067,2114,2680
817,2067,841
817,841,2680
2456,30,2012
2012,30,2666
769,2456,2012
2012,2067,769
2664,2067,30
2664,30,2456
2067,2666,30
2664,2114,2067
2664,2456,769
2664,769,817
817,769,2067
2664,817,2114
2114,817,2680
1769,2455,2458
2401,1536,842
842,1536,2064
2401,2064,1536
2401,842,2064
845,2668,2042
2668,845,1513
1513,845,2042
2668,1513,2042
2038,1603,2105
2039,2106,1604
1820,1556,869
1820,869,890
1820,890,930
1821,931,889
1821,889,868
1821,868,1555
2736,2038,2105
2735,2106,2039
1096,930,890
1096,890,923
1096,923,900
1095,899,924
1095,924,889
1095,889,931
1790,896,1096
1790,900,879
1790,1096,900
1790,879,862
1789,863,880
1789,880,899
1789,899,1095
1789,1095,895
2736,1524,2227
2735,2226,1525
2404,2020,2150
2405,2149,2019
1539,1603,1556
1539,1556,1820
1538,1821,1555
1538,1555,1604
2105,1603,1539
2106,1538,1604
2020,2404,2160
2019,2161,2405
2160,1790,862
2161,863,1789
1524,2090,2227
1525,2226,2091
2090,2306,2227
2091,2226,2305
948,2404,2150
948,2150,914
948,914,2198
949,2199,913
949,913,2149
949,2149,2405
1602,2104,2036
1735,1657,870
927,888,1735
927,1735,870
867,887,928
867,928,1817
1817,1554,867
2172,2663,2080
2036,2104,2454
2454,2006,2036
2475,2006,2454
922,888,927
922,927,1094
1094,898,922
921,897,1093
928,887,921
928,921,1093
1094,894,1788
877,898,1788
898,1094,1788
1788,860,877
878,861,1787
1787,897,878
1093,897,1787
893,1093,1787
1516,2648,2663
2080,2074,2172
1657,1735,1532
1554,1817,1537
1537,1602,1554
1657,1532,2172
1657,2172,2074
1602,1537,2104
1675,2510,2418
2511,1674,2417
2418,860,1675
860,1788,1675
1674,861,2417
1787,861,1674
2418,2510,1527
2511,2417,1526
912,1527,2510
912,2510,947
2183,912,947
911,2182,946
2511,1526,911
2511,911,946
2000,2573,2119
1295,2178,2561
1964,2000,2119
1964,2178,1295
2568,2573,2000
2696,2079,1295
2696,1295,2561
2520,1964,2119
2178,1964,2520
2427,1838,2573
1838,2119,2573
1838,2520,2119
1838,2427,2121
1838,2121,1331
2526,2178,1144
2526,1144,1047
2526,2561,2178
2520,1838,1331
2520,1331,1076
1144,2520,1076
1144,2178,2520
1331,1109,1076
1047,1144,1076
1076,1109,1266
1076,1266,1047
1315,1109,544
1315,699,534
544,699,1315
1315,1266,1109
1315,620,1266
1315,534,620
620,534,117
1331,2121,2268
1047,2267,2526
1047,1266,2267
544,1109,1331
544,2268,1577
544,1331,2268
544,1577,699
699,1577,843
620,1578,2267
620,2267,1266
620,117,844
620,844,1578
703,329,154
154,329,2000
703,154,541
703,768,1462
1462,768,2674
703,541,768
609,95,77
609,77,328
77,1295,328
609,624,78
609,78,95
624,2309,78
78,2309,2313
541,154,506
506,154,2000
506,2000,1964
768,2313,2674
95,541,506
95,506,77
506,1964,1295
506,1295,77
95,78,768
95,768,541
78,2313,768
1511,1593,1462
1511,1462,2674
329,2568,2000
328,1295,2079
1593,2543,1462
1594,2309,2544
2018,1559,329
329,1559,2568
2018,329,703
2018,1462,2312
2312,1462,2543
2018,703,1462
2017,609,328
2017,328,2079
2017,2495,624
2017,624,609
2495,2544,624
624,2544,2309
1466,2308,2314
1466,2314,627
1466,627,534
1466,534,699
627,628,534
628,117,534
627,2314,2089
627,2089,628
1466,2377,2308
1466,699,843
1466,843,1610
1466,1610,2377
628,1609,844
628,844,117
628,2089,2446
628,2446,1609
2573,571,2470
2573,2568,571
2470,571,1963
1963,2696,2469
2470,1963,2469
2469,2696,2561
2573,2470,1161
2427,2573,1161
1143,2121,1161
2121,2427,1161
1737,1143,1161
1161,2470,1737
1855,2469,2561
2561,2526,1855
1697,1143,1737
1737,2470,2469
1737,2469,1855
1697,1737,1855
1110,1143,1697
1110,546,1143
1697,722,1110
309,722,1697
553,533,1460
1110,553,1460
533,213,1460
722,585,553
553,1110,722
585,533,553
585,118,533
2268,2121,1143
546,2268,1143
1855,2526,2267
1855,2267,309
1697,1855,309
546,1110,1460
1577,2268,546
1577,546,1460
213,843,1577
213,1577,1460
722,2267,1578
722,1578,585
309,2267,722
1578,844,118
1578,118,585
531,1273,371
1273,2674,371
571,2568,690
802,690,531
802,560,690
560,571,690
371,802,531
569,104,94
569,94,532
2696,104,569
617,2495,532
2309,2495,617
94,617,532
617,2313,2309
802,371,61
371,2674,61
1963,571,560
2674,2313,61
104,560,802
104,802,94
1963,560,104
104,2696,1963
802,61,617
802,617,94
61,2313,617
1273,1593,1511
1511,2674,1273
569,2079,2696
1273,2543,1593
2495,2309,1594
2544,2495,1594
531,1559,2018
531,690,1559
690,2568,1559
2312,1273,531
2312,531,2018
2079,532,2017
2079,569,532
532,2495,2017
625,2314,1467
533,625,1467
1467,213,533
2314,2308,1467
533,626,625
533,118,626
626,2314,625
626,2089,2314
1610,843,213
1610,213,1467
2308,2377,1610
2308,1610,1467
118,844,1609
118,1609,626
1609,2446,2089
1609,2089,626
2543,1273,2312
235,231,2031
235,2031,2033
235,2033,2340
235,2340,237
235,237,2099
235,2099,2548
235,2548,231
234,2522,238
234,238,2341
234,2341,2032
234,2032,2030
234,2030,230
234,2379,2522
234,230,2379
222,45,33
222,33,1792
222,1792,2031
222,2031,231
222,231,2041
231,2548,2041
222,875,45
222,2041,875
223,2193,230
230,2193,2379
223,230,2030
223,2030,1994
223,1994,34
223,34,46
223,1702,2193
223,46,1702
855,1792,33
1706,855,33
1705,34,1994
5,1711,1968
5,1968,53
5,53,1698
5,1698,1706
5,1706,45
45,1706,33
5,45,1711
45,875,1711
6,46,1705
46,34,1705
6,1705,1699
6,1699,54
6,54,1967
6,1967,1710
6,1710,46
46,1710,1702
2252,2167,2127
2251,2128,2168
182,2252,1583
39,1698,53
182,1583,859
182,859,39
39,859,1698
182,39,2177
182,2177,2180
39,53,1968
39,1968,2177
182,2180,2167
182,2167,2252
181,2179,2176
181,2176,40
40,2176,1967
40,1967,54
181,40,858
181,858,1584
40,54,1699
40,1699,858
181,1584,2251
181,2251,2168
181,2168,2179
1722,1564,2099
1722,2099,237
1722,237,2340
1722,2340,1687
1723,2341,238
1723,238,2522
1723,1688,2341
2033,2031,232
2033,232,236
239,2340,2033
239,2033,236
2099,239,236
236,2548,2099
232,2548,236
17,2522,21
2032,2341,17
2032,17,21
22,2030,2032
22,2032,21
2522,2379,21
2379,22,21
1792,36,47
1792,47,224
232,2031,1792
232,1792,224
2041,232,224
2041,2548,232
47,875,224
875,2041,224
22,2193,225
22,2379,2193
225,2030,22
1994,2030,225
48,35,225
35,1994,225
2193,1702,225
1702,48,225
855,36,1792
1706,36,855
1994,35,1705
56,1968,1711
56,1711,7
1706,1698,56
1706,56,7
47,1706,7
47,36,1706
1711,47,7
1711,875,47
1705,48,8
1705,35,48
55,1699,1705
55,1705,8
1710,1967,55
1710,55,8
48,1710,8
48,1702,1710
2167,2180,2127
2128,2179,2168
1583,2252,2127
1583,2127,184
56,1698,41
41,859,1583
41,1583,184
1698,859,41
2180,2177,41
2180,41,184
2177,1968,56
2177,56,41
2127,2180,184
42,2176,2179
42,2179,183
55,1967,2176
55,2176,42
1584,858,42
1584,42,183
42,1699,55
858,1699,42
2128,2251,1584
2128,1584,183
2179,2128,183
239,2099,1564
239,1564,1722
1687,2340,239
1687,239,1722
17,2341,1688
17,1688,1723
1723,2522,17
2354,2760,2382
1645,576,967
967,576,1124
576,144,1124
1107,718,2250
2250,718,1350
1107,2250,1847
714,2256,285
714,285,1270
714,1270,1299
713,1298,1269
713,1269,2222
1796,1970,1625
1970,2236,1625
1620,2241,1809
1625,1039,1777
1625,2236,1039
1777,1689,1796
1620,2250,1718
1620,2192,2250
1620,1718,2241
1625,1777,1796
1689,1660,918
1689,918,1796
1689,2262,1660
2192,1847,2250
1847,2192,1659
1847,1659,2235
1660,1823,918
918,1823,1796
1565,1617,1059
1566,1058,1618
1545,1040,1724
1546,1725,1041
1565,1026,1617
1566,1618,1027
1545,1724,1852
2151,2118,2123
1694,2262,1060
1694,1060,1852
1694,1852,1724
1695,1971,2235
1695,1725,1971
1100,1124,144
1100,144,140
1100,140,107
1100,107,975
1763,386,1357
1763,1357,119
1763,119,718
1763,718,1107
1650,975,107
1773,2123,1112
1773,1112,1357
1357,386,1773
2206,2300,550
2206,550,757
2206,757,1001
2207,1000,758
2207,758,551
2207,551,2301
1299,1270,1001
1299,1001,757
1298,758,1000
1298,1000,1269
1592,1139,2236
1592,2409,1139
1591,2241,1138
1591,1138,2408
1088,1592,2236
1088,2409,1592
1087,1809,2241
1087,2241,1591
1087,1591,2408
616,1136,714
714,1136,2256
616,714,1299
616,1299,120
616,120,1016
616,1016,1129
615,1130,1017
615,1017,121
615,121,1298
615,1298,713
615,713,1135
713,2222,1135
623,125,576
623,576,1475
576,1645,1475
623,1692,1015
623,1015,125
622,1350,718
622,718,124
622,124,1014
622,1014,1691
1611,1059,1617
1611,1630,2438
1612,2626,1631
1612,1618,1058
1611,1617,1026
1630,1611,1961
1630,1961,2438
1961,2748,2438
1631,1960,1612
1631,2626,1960
1612,1027,1618
146,127,107
146,107,140
146,140,144
146,144,125
125,144,576
146,125,1015
146,1015,1267
146,1267,1300
146,1300,127
145,1268,1014
145,1014,124
145,124,119
124,718,119
145,119,1357
145,1357,128
145,128,1301
145,1301,1268
763,1468,16
16,1468,1650
763,16,107
763,107,127
16,1650,107
763,127,1300
763,1300,997
762,996,1301
762,1301,128
762,128,1357
762,1357,1112
762,1112,1469
785,123,550
123,757,550
785,550,376
550,2300,376
785,994,1319
785,1319,123
784,377,551
551,377,2301
784,551,122
122,551,758
784,122,1318
784,1318,995
149,120,1299
149,1299,757
149,757,123
149,123,1319
149,1319,1271
149,1271,1016
149,1016,120
148,1272,1318
148,1318,122
148,758,1298
148,122,758
148,1298,121
148,121,1017
148,1017,1272
950,380,500
380,1166,500
950,1236,516
1209,517,1235
1209,501,381
381,501,1165
1835,1227,1916
1764,310,1212
310,1943,1212
1376,1057,1693
1875,960,1215
1834,1364,1198
1833,1199,1366
1473,1942,1194
1473,1194,1569
1474,1568,1193
1474,1193,513
2084,2521,2473
2189,2107,1700
2248,2502,2266
2069,2486,1742
1498,375,520
375,1950,520
1498,520,1471
1499,1470,521
1499,521,374
374,521,1951
1242,514,1078
1242,1474,513
1007,570,431
1940,519,1189
1079,515,1975
1079,1078,514
1079,514,515
1075,1177,1917
1256,385,1186
1778,518,1231
1122,1330,522
1330,1158,522
2499,1081,1720
2498,1719,1080
1998,1219,605
1998,605,361
1999,362,604
1999,604,1221
1226,1225,1402
1226,1402,1407
1220,1408,1400
1220,1400,1214
1989,1409,360
1990,363,1399
1204,1422,1424
1204,1424,1206
1205,1202,1429
1205,1429,1428
1996,1425,1417
1996,1417,1203
1995,1207,1421
1995,1421,1423
1668,2196,2538
1669,2537,2195
1663,2283,2539
1661,2450,2284
427,360,1409
427,1409,567
427,567,372
429,566,1399
429,373,566
429,1399,363
1407,1402,603
1407,603,408
1408,407,602
1408,602,1400
430,361,605
430,605,1317
430,1317,973
428,974,1316
428,1316,604
428,604,362
308,372,564
372,567,564
308,564,562
308,562,1771
307,563,565
307,1772,563
307,565,373
373,565,566
325,408,603
325,603,601
325,601,1305
325,1305,1303
324,1302,1306
324,1306,600
324,600,602
324,602,407
1497,973,808
1497,808,1092
1496,1091,807
1496,807,974
1425,423,592
1425,592,1417
1423,1421,593
1423,593,422
1422,420,598
1422,598,1424
1428,1429,591
1428,591,421
337,300,596
337,596,594
337,594,592
337,592,423
334,595,597
334,597,301
334,422,593
334,593,595
335,1342,1346
335,1346,599
335,599,598
335,598,420
336,590,1347
336,1347,1343
336,421,591
336,591,590
1219,1290,1388
1219,1388,605
1221,604,1390
1221,1390,1292
1290,1226,1407
1290,1407,1388
1292,1390,1408
1292,1408,1220
1283,1418,1422
1283,1422,1204
1285,1205,1428
1285,1428,1416
1203,1417,1418
1203,1418,1283
1207,1285,1416
1207,1416,1421
1941,1613,2196
1941,2196,1668
1064,2195,2271
1064,2271,1824
1064,1669,2195
2539,1941,1991
2539,1991,1783
2539,1783,1663
2539,1613,1941
1824,2271,2450
1824,2450,1661
1824,1661,1782
1613,2539,1152
2271,1827,2450
2196,1613,1152
1388,1407,408
1388,408,748
1390,751,407
1390,407,1408
1317,1388,748
1317,605,1388
1316,751,1390
1316,1390,604
746,325,1303
746,1303,741
746,748,408
746,408,325
747,1314,1302
747,1302,324
747,324,407
747,407,751
808,746,741
808,741,755
755,1092,808
808,973,1317
808,1317,748
808,748,746
807,1316,974
756,807,1091
807,756,1314
807,1314,747
807,747,751
807,751,1316
1417,592,738
1417,738,1418
1421,1416,743
1421,743,593
1418,738,420
1418,420,1422
1416,1428,421
1416,421,743
594,596,731
594,731,735
594,735,738
594,738,592
595,593,743
595,743,742
595,742,732
595,732,597
735,731,1342
735,1342,335
735,335,420
735,420,738
742,743,421
742,421,336
742,336,1343
742,1343,732
1225,1293,1404
1225,1404,1402
1214,1400,1392
1214,1392,1291
1293,1989,360
1293,360,1404
1291,1392,363
1291,363,1990
1287,1427,1920
1287,1920,1985
1286,1986,1921
1286,1921,1426
1206,1424,1427
1206,1427,1287
1202,1286,1426
1202,1426,1429
1063,1826,2204
1063,2204,2283
1063,2283,1663
1065,2284,2205
1065,2205,1825
1065,1661,2284
1826,2057,2534
1826,2534,2204
1825,2205,2533
1825,2533,2056
1404,427,750
750,427,372
1404,360,427
1392,749,429
749,373,429
1392,429,363
1402,1404,750
1402,750,603
1400,602,749
1400,749,1392
745,308,740
740,308,1771
745,372,308
745,750,372
744,739,307
739,1772,307
744,307,373
744,373,749
601,745,740
601,740,1305
601,603,750
601,750,745
600,1306,739
600,739,744
600,744,749
600,749,602
1424,598,737
1424,737,1427
1429,1426,736
1429,736,591
1427,737,1492
1427,1492,1920
1426,1921,1493
1426,1493,736
599,1346,1348
599,1348,734
599,734,737
599,737,598
590,591,736
590,736,733
590,733,1349
590,1349,1347
734,1348,1988
734,1988,1490
734,1490,1492
734,1492,737
733,736,1493
733,1493,1491
733,1491,1987
733,1987,1349
1335,1389,1457
1335,1457,1953
1334,1952,1456
1334,1456,1406
1998,361,1394
1998,1394,1389
1998,1389,1335
1999,1405,362
1999,1334,1406
1999,1406,1405
1996,1333,1430
1996,1430,1433
1996,1433,1425
1995,1431,1432
1995,1432,1332
1995,1423,1431
1333,1946,1453
1333,1453,1430
1332,1432,1454
1332,1454,1947
1873,2225,2515
1872,2514,2224
1667,1781,1668
1667,1668,2538
1667,2538,2225
1667,2225,1873
1666,2537,1669
1666,1669,1784
1666,1872,2224
1666,2224,2537
2225,2277,2515
2224,2514,2276
1394,430,469
469,430,973
1394,469,781
1394,781,1389
1394,361,430
1405,1406,780
1405,780,468
1405,468,428
468,974,428
1405,428,362
1389,781,1239
1389,1239,1457
1406,1456,1238
1406,1238,780
464,1497,1232
464,1232,1324
464,1324,777
464,777,781
464,781,469
464,973,1497
464,469,973
465,468,780
465,780,773
465,773,1325
465,1325,1233
465,1233,1496
465,1496,974
465,974,468
777,1324,1363
777,1363,1500
777,1500,1239
777,1239,781
773,780,1238
773,1238,1501
773,1501,1362
773,1362,1325
1430,1263,775
1430,1453,1263
1432,772,1262
1432,1262,1454
1433,1430,775
1433,775,463
1433,463,423
1433,423,1425
1431,1423,422
1431,422,461
1431,461,772
1431,772,1432
776,1505,1381
776,1381,779
776,775,1263
776,1263,1505
774,778,1380
774,1380,1504
774,1504,1262
774,1262,772
462,776,779
462,779,458
462,458,300
462,300,337
462,337,423
462,423,463
462,463,775
462,775,776
460,461,422
460,422,334
460,334,301
460,301,459
460,459,778
460,778,774
460,774,772
460,772,461
1907,247,417
1907,417,961
1215,416,246
1215,960,416
1953,1457,417
1953,417,247
1952,246,416
1952,416,1456
1946,243,411
1946,411,1453
1947,1454,415
1947,415,244
1900,956,411
1900,411,243
1903,415,957
1903,244,415
2247,688,2503
2247,2503,2229
2248,2266,2203
2248,2203,689
2503,688,1779
2503,1779,2515
2203,2514,1780
2203,1780,689
2229,2503,2122
2503,2515,2277
2203,2276,2514
715,1239,1500
715,417,1457
715,1457,1239
716,1456,416
716,1501,1238
716,1238,1456
1373,715,412
1373,412,958
1373,961,417
1373,417,715
1374,416,960
1374,959,413
1374,413,716
1374,716,416
1500,1363,799
1500,799,701
1500,701,412
1500,412,715
1501,413,702
1501,716,413
1501,702,798
1501,798,1362
701,958,412
701,1184,958
702,413,959
702,959,1185
1007,431,492
1007,492,1358
1358,411,956
1358,956,1007
155,415,724
155,724,491
155,491,1122
155,1122,1257
155,1257,957
155,957,415
1358,1505,1263
1358,1263,1453
1358,1453,411
724,1454,1262
724,1262,1504
724,415,1454
1848,81,492
1848,1476,81
1848,492,431
1330,491,80
1330,80,1477
1330,1122,491
1505,492,81
1505,81,1381
1505,1358,492
1504,1380,80
1504,80,491
1504,491,724
1378,1949,1222
1378,1222,669
1378,669,1377
1376,1375,670
1376,670,671
1376,671,404
1376,404,1057
1222,1907,961
1222,961,669
671,670,960
671,960,1875
671,1875,404
1201,657,956
1201,956,1900
1200,1903,957
1200,957,649
1198,1364,657
1198,657,1201
1199,1200,649
1199,649,1366
2246,1750,2285
2246,2285,2489
1700,2297,1751
1700,2107,2297
1750,2247,2229
1750,2229,2285
1751,2502,2248
1751,2297,2502
2502,2297,964
2489,2285,1153
2297,1686,964
2297,2107,1686
2285,2229,2122
667,1373,958
667,958,1354
667,669,961
667,961,1373
668,1353,959
668,959,1374
668,1374,960
668,960,670
1950,667,1354
1950,1377,669
1950,669,667
1951,1353,668
1951,668,670
1951,670,1375
1354,1184,1307
1354,1307,1471
1184,1354,958
1353,1470,1304
1353,1304,1185
1185,959,1353
520,1354,1471
520,1950,1354
521,1470,1353
521,1353,1951
1503,1231,528
1503,528,570
1503,570,657
1503,657,1364
1367,1366,649
1367,649,654
1367,654,660
1367,660,1365
570,528,659
570,659,431
570,1007,956
570,956,657
654,649,957
654,957,1257
654,1257,660
518,1778,419
518,419,490
518,490,659
518,659,528
518,528,1231
414,1365,660
414,1326,1976
414,1976,955
414,955,1365
490,419,1157
490,1157,1848
490,1848,659
659,1848,431
522,660,1122
660,1257,1122
522,1158,1326
522,1326,414
522,414,660
1213,1387,1913
1213,1913,1808
1223,1807,1915
1223,1915,1401
1034,1949,1378
1034,1378,1377
1034,1377,1393
1034,1393,1387
1034,1387,1213
540,1395,1375
540,1375,1376
540,1376,1693
540,1223,1401
540,1401,1395
1834,1197,637
1834,637,1415
1834,1415,1364
1833,342,640
1833,640,1196
1833,1366,342
1197,1804,1249
1197,1249,637
1196,640,1251
1196,1251,1805
1760,2197,2472
1760,2472,2170
1758,2171,2048
1758,2048,2202
1542,1020,2246
1542,2246,2489
1020,1542,2197
1020,2197,1760
2189,2509,2107
2189,1758,2202
2189,2202,2509
2202,2048,2269
1542,2489,2218
1542,2218,1972
1542,1972,2197
1393,1950,358
358,1950,375
1393,358,656
1393,656,1387
1393,1377,1950
1395,1401,652
1395,652,359
1395,359,1951
359,374,1951
1395,1951,1375
1387,656,1260
1387,1260,1913
1401,1915,1261
1401,1261,652
355,1498,1089
355,1089,1312
355,1312,647
355,647,656
355,656,358
355,375,1498
355,358,375
354,359,652
354,652,648
354,648,1313
354,1313,1090
354,1090,1499
354,1499,374
354,374,359
647,1312,1843
647,1843,1258
647,1258,1260
647,1260,656
648,652,1261
648,1261,1259
648,1259,1844
648,1844,1313
642,1250,1252
642,1252,641
642,637,1249
642,1249,1250
635,639,1254
635,1254,1253
635,1253,1251
635,1251,640
1415,642,347
347,642,641
1415,347,1503
347,1231,1503
1415,1503,1364
1415,637,642
346,342,1366
346,1366,1367
346,1367,1365
346,1365,349
346,349,639
346,639,635
346,635,640
346,640,342
643,1256,1186
643,1186,64
643,641,1252
643,1252,1256
644,1173,1248
644,1248,1255
644,1255,1254
644,1254,639
350,643,348
348,643,64
350,348,1778
350,1778,1231
350,1231,347
350,641,643
350,347,641
351,349,1365
351,1365,955
351,955,1976
351,1976,1172
351,1172,1173
351,1173,644
351,644,639
351,639,349
1227,1224,1403
1227,1403,1916
1212,1943,1391
1212,1391,1216
1224,1712,1012
1224,1012,1403
1216,1391,1321
1216,1321,1802
1195,651,1011
1195,1011,1704
1192,1703,942
1192,942,653
1194,1942,651
1194,651,1195
1193,1192,653
1193,653,513
2245,1749,2286
2245,2286,2486
2244,1606,2287
2244,2287,1752
2244,2476,1606
1749,2084,2473
1749,2473,2286
1752,2287,2501
1752,2501,2085
2486,2286,1742
1606,2476,1741
1606,1741,2287
1403,1897,666
1403,1012,1897
1391,665,1898
1391,1898,1321
1916,1403,666
1916,666,1371
1943,1372,665
1943,665,1391
663,1009,1786
663,1786,1308
663,666,1897
663,1897,1009
662,1309,1785
662,1785,1010
662,1010,1898
662,1898,665
1369,663,1308
1369,1308,1904
1369,1371,666
1369,666,663
1368,1905,1309
1368,1309,662
1368,662,665
1368,665,1372
1942,1189,705
1942,705,725
1942,725,651
704,513,653
704,658,514
704,514,1242
704,1242,513
725,705,1075
725,1075,1917
725,1917,1011
725,1011,651
1062,653,942
1062,1013,658
1062,658,704
1062,704,653
519,1940,1097
519,1097,552
519,552,837
519,837,705
519,705,1189
515,514,658
515,658,661
515,661,1164
515,1164,1975
837,552,2716
837,2716,1086
837,1086,1177
837,1177,1075
1075,705,837
661,658,1013
661,1013,1980
661,1980,1164
1217,1385,1912
1217,1912,1870
1218,1871,1914
1218,1914,1386
1835,1916,1398
1835,1398,1385
1835,1385,1217
539,310,1764
539,1396,310
539,1218,1386
539,1386,1396
1031,1473,1569
1031,1191,1413
1031,1413,1414
1031,1414,1473
1032,345,1412
1032,1412,1190
1032,1568,1474
1032,1474,345
1191,1866,954
1191,954,1413
1190,1412,953
1190,953,1865
1050,1753,2200
1050,2200,2540
1759,2528,2201
1753,2245,2486
1753,2486,1582
1753,1582,2200
1541,2476,2244
1541,2244,1019
1019,1759,2201
1019,2201,1541
1582,2069,289
1582,289,2200
2200,2273,2540
2201,2528,2274
1582,2486,2069
1541,1672,2476
1541,2201,1672
1398,1916,1371
1398,1371,356
1398,356,655
1398,655,1385
1396,1386,650
1396,650,357
1396,357,1372
1396,1372,1943
1396,1943,310
1385,655,1345
1385,1345,1912
1386,1914,1344
1386,1344,650
352,1369,1904
352,1904,1311
352,1311,646
352,646,655
352,655,356
352,356,1371
352,1371,1369
353,357,650
353,650,645
353,645,1310
353,1310,1905
353,1905,1368
353,1368,1372
353,1372,357
646,1311,1440
646,1440,1352
646,1352,1345
646,1345,655
645,650,1344
645,1344,1351
645,1351,1439
645,1439,1310
1413,1166,638
638,1166,380
1413,954,1166
1412,636,1165
636,381,1165
1412,1165,953
1414,1413,638
1414,638,343
1414,343,1189
1414,1189,1942
1414,1942,1473
672,345,1242
345,1474,1242
672,1242,1078
672,636,1412
672,1412,345
1294,950,516
1294,516,634
1294,380,950
1294,638,380
1209,636,484
1209,484,1163
1209,1163,517
1209,381,636
344,1294,1940
1940,1294,634
344,1940,1189
344,1189,343
344,343,638
344,638,1294
1079,1975,1163
1079,1163,484
1079,484,1078
1078,484,672
484,636,672
1989,1069,1384
1989,1384,1409
1990,1399,1397
1990,1397,1068
1985,1920,1419
1985,1419,612
1986,611,1420
1986,1420,1921
1634,2504,2534
1634,2534,2057
1633,2533,2505
1633,2056,2533
1409,1384,454
1409,454,567
1399,566,455
1399,455,1397
564,453,1102
564,1102,562
564,567,454
564,454,453
565,563,1103
565,1103,452
565,452,455
565,455,566
1920,1492,449
1920,449,1419
1921,1420,448
1921,448,1493
1490,1988,1119
1490,1119,446
1490,446,449
1490,449,1492
1491,1493,448
1491,448,447
1491,447,1118
1491,1118,1987
1048,1382,1015
1048,1015,1692
1049,1691,1014
1049,1014,1383
1870,1912,1382
1870,1382,1048
1871,1049,1383
1871,1383,1914
1866,1037,1958
1866,1958,954
1865,1959,1038
1865,953,1959
1037,977,1129
1037,1129,1016
1037,1016,1958
1038,1959,1017
1038,1017,1130
1038,1130,978
2532,2409,1861
2531,1860,2408
2532,1861,1775
2532,1775,2540
2531,2528,1776
2531,1776,1860
2532,2540,2273
2531,2274,2528
1912,1345,401
1912,401,1382
1914,1383,402
1914,402,1344
1382,401,1267
1382,1267,1015
1383,1014,1268
1383,1268,402
1352,1440,764
1352,764,1169
1352,1169,399
1352,399,401
1352,401,1345
1351,1344,402
1351,402,398
1351,1168,765
1351,398,1168
1351,765,1439
399,1169,997
399,997,1300
399,1300,1267
399,1267,401
398,402,1268
398,1268,1301
398,1301,996
398,996,1168
1958,1271,1465
1958,1016,1271
1959,1464,1272
1959,1272,1017
1958,1465,1166
1958,1166,954
1959,953,1165
1959,1165,1464
397,1319,994
397,994,1277
397,1465,1271
397,1271,1319
396,1276,995
396,995,1318
396,1318,1272
396,1272,1464
500,1277,1236
500,397,1277
500,1236,950
500,1166,1465
500,1465,397
501,1464,1165
501,1209,1235
501,1235,1276
501,1276,396
501,396,1464
1732,1026,1565
1732,2117,2496
1732,1565,2117
1733,2123,2118
1733,2118,1566
1733,1566,1027
2496,1545,943
943,1545,1852
2151,1773,1546
1773,1725,1546
2151,2123,1773
1773,1971,1725
1139,2409,2155
1138,2156,2408
1961,1611,1026
1960,1027,1612
2626,2709,1960
2069,1742,2270
2476,1859,1741
2501,874,1655
1814,1686,2107
1814,2107,2509
2538,2196,1884
2538,1884,2304
2537,2303,1881
2537,1881,2195
2539,1880,1736
2450,1879,1883
2196,1152,1884
2195,1881,1827
2195,1827,2271
2539,1736,1152
1827,1879,2450
2283,2204,1888
2283,1888,1880
2283,1880,2539
2284,2450,1883
2284,1883,1893
2284,1893,2205
2204,2534,2296
2204,2296,1888
2205,1893,2295
2205,2295,2533
2225,1891,2277
2224,2276,1894
2538,2304,1891
2538,1891,2225
2537,2224,1894
2537,1894,2303
2503,788,2230
2503,2230,2122
2266,2502,2231
2266,2231,787
2266,787,2203
2503,2277,1885
2503,1885,788
2203,787,1882
2203,1882,2276
1153,2285,1886
1153,2218,2489
2122,2230,1886
2122,1886,2285
2502,964,1754
2502,1754,2231
2197,1895,2228
2197,2228,2472
2202,2269,1887
2202,1887,2509
1972,1106,1895
1972,1895,2197
2509,1887,965
1742,2286,1896
1741,1889,2287
2473,2129,1896
2473,1896,2286
2501,2287,1889
2501,1889,874
2200,289,1890
2200,1890,2273
2201,2274,1892
2201,1892,1672
2069,2270,289
289,2270,1890
1672,1892,966
1672,1859,2476
2534,2504,1747
2534,1747,2296
2533,2295,1748
2533,1748,2505
2532,1717,2155
2532,2155,2409
2531,2408,2156
2531,2156,1716
2532,2273,1035
2532,1035,1717
2531,1716,1036
2531,1036,2274
1796,2256,1970
2256,1796,1823
1620,976,2192
1620,1809,976
1823,1660,2262
1823,2262,969
2222,970,2235
2222,2235,1659
2222,1659,2192
2117,1565,2300
1565,1059,2300
2118,2301,1566
1566,2301,1058
2496,2117,2300
2496,1040,1545
2151,2301,2118
2151,1546,1041
1694,1724,1040
1694,1040,981
981,969,2262
981,2262,1694
1695,982,1041
1695,1041,1725
982,1695,2235
982,2235,970
1088,2236,1970
1088,1970,1171
1088,2292,2409
1087,1170,1809
1087,2408,2291
984,1059,1611
984,1611,2438
984,2438,2748
983,2626,1612
983,2709,2626
983,1612,1058
2292,1861,2409
2291,2408,1860
2515,1779,1927
2514,1929,1780
2540,1775,1791
2528,2298,1776
2246,2282,1051
2189,1700,1052
2189,1052,2281
2244,1965,2280
2431,2125,2391
2432,2390,2126
1783,1926,1663
1782,1661,1935
1781,1933,1668
1784,1669,1928
1824,1782,1930
1941,1668,1933
1941,1933,1991
1064,1824,1930
1064,1930,1928
1064,1928,1669
2075,2754,2387
1826,1931,2294
1826,2294,2057
1825,2056,2293
1825,2293,1934
1063,1663,1926
1063,1926,1931
1063,1931,1826
1065,1825,1934
1065,1934,1935
1065,1935,1661
1667,1873,1932
1667,1932,1728
1667,1728,1781
1666,1784,1727
1666,1727,1936
1666,1936,1872
1873,2515,1927
1873,1927,1932
1872,1936,1929
1872,1929,2514
2398,2413,2721
2690,1120,2397
2397,1120,2412
2247,2261,688
2248,689,2260
1750,1924,2261
1750,2261,2247
1751,2248,2260
1751,2260,1925
2246,1051,1924
2246,1924,1750
1700,1751,1925
1700,1925,1052
1020,1760,1923
1020,1923,2282
1020,2282,2246
2189,2281,1922
2189,1922,1758
1760,2170,2239
1760,2239,1923
1758,1922,2240
1758,2240,2171
1749,1938,2444
1749,2444,2084
1752,2085,2443
1752,2443,1937
2245,1899,1938
2245,1938,1749
2244,1752,1937
2244,1937,1965
1753,1945,1899
1753,1899,2245
1019,2244,2280
1019,2280,1919
1019,1919,1759
1050,2540,1791
1050,1791,1945
1050,1945,1753
1759,1919,2298
1759,2298,2528
1634,2057,2294
1634,2294,1757
1633,1756,2293
1633,2293,2056
2222,976,1135
2256,1136,1970
976,2222,2192
976,1809,1135
285,2256,1823
285,1823,969
285,969,1270
2222,1269,970
2300,1059,376
2301,377,1058
2206,2496,2300
2206,1040,2496
2206,1001,1040
2207,2301,2151
2207,2151,1041
2207,1041,1000
981,1040,1001
982,1000,1041
1270,981,1001
1270,969,981
1269,1000,982
1269,982,970
1171,1970,1136
1171,2292,1088
1170,1135,1809
1170,1087,2291
1171,1136,616
1171,616,1129
1171,1129,2292
1170,2291,1130
1170,1130,615
1170,615,1135
327,785,376
327,376,1059
327,2748,785
2748,994,785
326,1058,377
326,377,784
326,784,2709
2709,784,995
327,1059,984
327,984,2748
326,983,1058
326,2709,983
977,2292,1129
978,1130,2291
1927,1779,1053
1929,1054,1780
1927,1053,1946
1929,1947,1054
1791,1775,1579
2767,516,1236
2757,1235,517
1902,1834,1198
1901,1199,1833
2282,1902,1051
2281,1052,1901
1899,1569,1116
2280,1965,1568
2599,1097,1940
2716,2749,1086
2711,1980,2758
2584,1186,385
1476,1848,1157
1476,1157,2546
1477,2547,1158
1477,1158,1330
909,1204,1206
909,1206,1926
907,1935,1202
907,1202,1205
1783,909,1926
1782,1935,907
906,1996,1203
906,1203,1933
908,1928,1207
908,1207,1995
1781,906,1933
1784,1928,908
2701,1131,596
2701,596,300
2754,301,597
2754,597,1132
2701,2662,1131
1342,2558,1346
1343,1347,2682
1991,1284,909
1991,909,1783
1930,1782,907
1284,1283,1204
1284,1204,909
1930,907,1205
1930,1205,1285
1933,1284,1991
1933,1203,1283
1933,1283,1284
1928,1930,1285
1928,1285,1207
2662,2639,1131
2754,1132,2387
1131,2639,731
1131,731,596
1132,597,732
1132,732,2387
2639,2558,1342
2639,1342,731
2387,732,1343
2387,1343,2682
1931,1287,1985
1931,1985,2294
1934,2293,1986
1934,1986,1286
1926,1206,1287
1926,1287,1931
1935,1934,1286
1935,1286,1202
1346,2562,2598
1346,2598,1348
1346,2558,2562
1347,1349,2700
1347,2700,2682
1348,2703,2583
1348,2583,1988
1348,2598,2703
1349,1987,2718
1349,2718,2357
1349,2357,2700
1728,906,1781
1727,1784,908
1728,1932,1333
1728,1333,1996
1728,1996,906
1727,908,1995
1727,1995,1332
1727,1332,1936
1932,1927,1946
1932,1946,1333
1936,1332,1947
1936,1947,1929
2721,2413,779
2721,779,1381
2721,1381,1678
2721,1678,2710
1120,1679,1380
1120,1380,778
1120,778,2412
1120,2690,1679
2413,2701,300
2413,300,458
2413,458,779
2412,778,459
2412,459,301
2412,301,2754
1779,688,992
1779,992,1053
1780,1054,991
1780,991,689
1053,992,243
1053,243,1946
1054,1947,244
1054,244,991
2261,992,688
2260,689,991
992,2261,1900
992,1900,243
991,244,1903
991,1903,2260
2081,2710,760
2082,759,2690
1476,2081,760
1476,760,81
1476,2546,2081
1477,80,759
1477,759,2082
1477,2082,2547
1678,1381,81
1678,81,760
1678,760,2710
1679,759,80
1679,80,1380
1679,2690,759
1924,1201,1900
1924,1900,2261
1925,2260,1903
1925,1903,1200
1051,1902,1924
1052,1925,1901
1902,1198,1201
1902,1201,1924
1901,1925,1200
1901,1200,1199
2394,2631,1976
1326,2367,2394
2457,1778,1819
2457,419,1778
2457,1819,2609
1326,2394,1976
1157,2368,2546
1157,419,2457
1157,2457,2368
1158,2547,2367
1158,2367,1326
2282,1923,1197
2282,1197,1834
2282,1834,1902
2281,1901,1833
2281,1833,1196
2281,1196,1922
1923,2239,1804
1923,1804,1197
1922,1196,1805
1922,1805,2240
1186,2603,64
1186,2584,2603
1173,2582,1248
1173,1172,2601
1173,2601,2400
1173,2400,2582
1819,1778,348
1819,64,2603
1819,348,64
1819,2603,2609
1172,1976,2631
1172,2631,2601
1938,1116,1195
1938,1195,1704
1938,1704,2444
1937,2443,1703
1937,1703,1192
1937,1192,1965
1899,1116,1938
1116,1569,1194
1116,1194,1195
1965,1192,1193
1965,1193,1568
2054,2714,1975
2625,552,1097
2625,1097,2599
2054,1975,1164
2054,1164,2395
2716,552,2625
1164,1980,2711
1164,2711,2395
1945,1569,1899
1945,1162,1191
1945,1191,1031
1945,1031,1569
2280,1568,1032
2280,1032,1190
2280,1190,1919
1791,1579,1162
1791,1162,1945
1162,1579,1866
1162,1866,1191
1919,1190,1865
1919,1865,2298
2393,2100,634
2393,634,516
2393,516,2767
2399,2757,517
2399,517,1163
2399,1163,2071
2599,1940,634
2599,634,2100
1163,1975,2714
1163,2714,2071
2294,1985,612
2294,612,1757
2293,1756,611
2293,611,1986
1988,2583,2634
1988,2634,1119
1987,1118,2646
1987,2646,2718
1775,1861,1957
1775,1957,1579
1776,2298,1956
1776,1956,1860
1957,1037,1866
1957,1866,1579
1956,2298,1865
1956,1865,1038
1861,2292,1957
1860,1956,2291
1957,2292,977
1957,977,1037
1956,1038,978
1956,978,2291
1277,994,2748
1276,2709,995
1236,1277,2216
1236,2216,2767
1277,2748,2216
1235,2757,2215
1235,2215,1276
1276,2215,2709
1777,1039,1645
1777,1645,1689
2250,1350,1718
967,1124,2262
967,2262,1689
1847,2235,1763
967,1689,1645
1847,1763,1107
1732,2496,1650
1733,1112,2123
943,975,1650
975,943,1852
1773,386,1971
943,1650,2496
1060,1124,1100
1060,2262,1124
1060,1100,1852
1971,1763,2235
1100,975,1852
1763,1971,386
1475,1645,1039
1475,2155,1692
1475,1692,623
387,1350,622
387,622,1691
387,1691,2156
1139,1475,2236
1475,1039,2236
1139,2155,1475
1138,2241,1350
1350,2241,1718
1138,1350,387
1138,387,2156
1468,1961,1026
1469,1027,1960
1468,1026,1732
1468,1732,1650
1468,763,1961
1961,763,997
1469,1960,762
1960,996,762
1469,1112,1733
1469,1733,1027
901,1953,1885
902,1882,1952
2277,901,1885
2276,1882,902
2273,1868,1035
2274,1036,1869
2748,1961,997
2709,996,1960
1730,2721,2710
2767,1440,1126
2757,2399,1439
1906,1227,1835
1859,1764,1056
1764,1212,1056
2270,1742,1906
1859,1056,1741
874,1864,1655
1693,1057,1055
1693,1055,1814
1814,1055,1686
2231,1875,1215
1498,1471,2609
1499,2631,1470
1003,2546,1307
1003,1307,1184
1002,1185,1304
1002,1304,2547
2760,1572,2146
2073,2751,1571
2304,1884,1219
2304,1219,1998
2303,1999,1221
2303,1221,1881
903,1880,1225
903,1225,1226
1879,1220,1214
1879,1214,1883
1736,1880,903
1092,2701,2413
1091,2412,2754
1303,1305,2558
1302,2682,1306
1771,1155,2583
1771,2583,2703
1772,2718,1156
1771,562,1155
1772,1156,563
1884,1152,1289
1881,1288,1827
1884,1289,1290
1884,1290,1219
1881,1221,1292
1881,1292,1288
1736,903,1289
1736,1289,1152
1827,1288,1879
1289,903,1226
1289,1226,1290
1288,1292,1220
1288,1220,1879
755,741,2639
755,2639,2662
755,2662,1092
1092,2662,2701
756,1091,2754
756,2754,2075
756,2075,1314
2639,741,1303
2639,1303,2558
1314,2075,2387
1314,2387,2682
1314,2682,1302
1880,1888,1293
1880,1293,1225
1883,1214,1291
1883,1291,1893
1888,2296,1989
1888,1989,1293
1893,1291,1990
1893,1990,2295
1305,740,2598
1305,2598,2562
1305,2562,2558
1306,2682,2700
1306,2700,65
1306,65,739
1771,2703,2598
1771,2598,740
1772,65,2700
1772,2700,2718
1772,739,65
1891,901,2277
1894,2276,902
1891,1335,1953
1891,1953,901
1894,902,1952
1894,1952,1334
2304,1998,1335
2304,1335,1891
2303,1894,1334
2303,1334,1999
1324,2398,2721
1324,1232,2398
1324,2721,1730
1324,1730,1363
1325,1731,2690
1325,2690,2397
1325,2397,1233
1325,1362,1731
2413,1232,1497
2413,1497,1092
1232,2413,2398
1233,2397,2412
2412,1091,1496
2412,1496,1233
2230,788,247
2230,247,1907
2231,1215,246
2231,246,787
1885,1953,247
1885,247,788
1882,787,246
1882,246,1952
1003,701,799
1003,799,2710
1003,2710,2081
2081,2546,1003
1003,1184,701
2082,1002,2547
1002,2082,2690
1002,2690,798
1002,798,702
1002,702,1185
1730,2710,799
1730,799,1363
1731,798,2690
1731,1362,798
1153,1886,1969
1153,1969,2218
1055,964,1686
1055,1754,964
1969,1886,1222
1969,1222,1949
1057,404,1754
1057,1754,1055
1886,2230,1907
1886,1907,1222
1754,404,1875
1754,1875,2231
1471,2457,2609
1470,2631,2394
1307,2546,2368
1307,2368,2457
1307,2457,1471
1304,1470,2394
1304,2394,2367
1304,2367,2547
1887,2269,2220
1895,1213,1808
1895,1808,2228
1887,2220,1807
1887,1807,1223
1972,2218,1969
1972,1969,1106
965,1814,2509
1106,1969,1949
1106,1949,1034
1106,1034,1213
1106,1213,1895
1693,965,540
965,1887,1223
965,1223,540
1693,1814,965
1312,2603,2584
1312,2584,1843
1313,1844,2582
1313,2582,2400
1313,2400,2601
1089,1498,2609
1089,2609,2040
1089,2040,2603
1089,2603,1312
1090,1313,2601
1090,2601,2631
1090,2631,1499
1742,1896,1906
1741,1056,1889
1906,1896,1224
1906,1224,1227
1056,1212,1216
1056,1216,1889
1889,1864,874
1896,2129,1712
1896,1712,1224
1889,1216,1802
1889,1802,1864
1904,1308,2625
1904,2625,2599
1905,2714,2395
1905,2395,1309
1308,1786,2716
1308,2716,2625
1309,2395,2711
1309,2711,1785
1890,1868,2273
1892,2274,1869
1890,1217,1870
1890,1870,1868
1892,1869,1871
1892,1871,1218
966,1859,1672
2270,1906,1835
2270,1835,1217
2270,1217,1890
1764,966,539
966,1892,1218
966,1218,539
1764,1859,966
1126,1440,1311
1126,1311,2393
2399,2071,1310
2399,1310,1439
2393,2767,1126
1311,2599,2100
1311,1904,2599
1311,2100,2393
1310,2071,2714
1310,2714,1905
2296,1747,1069
2296,1069,1989
2295,1990,1068
2295,1068,1748
1155,562,1102
1155,2634,2583
1155,1102,2634
1156,2718,2646
1156,2646,1103
1156,1103,563
1717,1048,1692
1717,1692,2155
1716,2156,1691
1716,1691,1049
1035,1868,1717
1036,1716,1869
1868,1870,1048
1868,1048,1717
1869,1716,1049
1869,1049,1871
2748,997,1169
2709,1168,996
764,1440,2767
764,2767,2216
764,2216,2748
764,2748,1169
765,1168,2709
765,2709,2215
765,2215,2757
765,2757,1439
1081,885,1720
1081,2499,1746
1080,1719,884
1080,1745,2498
1590,1800,2481
1590,2238,1811
1590,1811,1800
1589,2480,1801
1589,1801,1812
1589,1812,2237
2125,2519,2391
2126,2390,2518
2519,2466,2391
2518,2390,2467
2279,1720,885
2279,885,1841
2278,1840,884
2278,884,1719
1573,881,864
1573,864,1572
1573,2279,1841
1573,1841,881
1574,1571,865
1574,865,882
1574,882,1840
1574,1840,2278
2238,2003,1811
2237,1812,2004
1596,1114,2003
1596,1586,1909
1596,1909,1114
1597,2004,1113
1597,1113,1908
1597,1908,1585
2466,2519,2483
2467,2482,2518
2125,2431,2087
2126,2086,2432
2481,1800,1557
2480,1558,1801
2087,2431,2481
2087,2481,1557
2086,1558,2480
2086,2480,2432
2333,1561,2760
2332,2751,2055
1561,1909,1586
1561,2333,1909
2055,1585,1908
2055,1908,2332
1746,2499,2483
1745,2482,2498
2146,1572,864
2751,865,1571
2382,2760,2146
1608,2333,2760
1607,2037,2751
1607,2751,2332
940,2323,2354
2323,2549,2354
940,2354,2382
941,2037,2619
941,2619,2324
941,2751,2037
1712,1658,938
1712,938,1012
1802,1030,1864
1802,1321,1030
1808,1913,938
1808,938,1658
1807,1030,1174
1807,1174,1915
1807,985,1030
1804,1653,937
1804,937,1249
1805,1251,1005
1805,1005,1654
1704,1011,937
1704,937,1653
1703,1654,1005
1703,1005,942
2084,2049,2521
2085,2501,2657
2170,2472,2521
2170,2521,2049
2171,2657,2048
2472,1567,2521
2657,1673,2269
2657,2269,2048
1913,1260,1154
1260,1856,1154
1913,1154,938
1915,1174,1179
1915,1179,1261
1897,1012,938
1897,938,1154
1898,1174,1321
1898,1179,1174
1258,1843,1856
1843,1070,1856
1258,1856,1260
1259,1128,1844
1844,1128,1071
1259,1179,1128
1259,1261,1179
1009,1897,1154
1009,1154,1856
1009,1856,1070
1009,1070,1786
1010,1128,1179
1010,1179,1898
1010,1785,1071
1010,1071,1128
1917,1167,937
1917,937,1011
1006,935,1013
1006,1013,1062
1006,1062,942
1006,942,1005
1250,1249,937
1250,937,1167
1250,1167,1867
1250,1867,1252
1253,1006,1005
1253,1005,1251
1253,1254,935
1253,935,1006
1177,1086,1077
1177,1077,1867
1177,1867,1167
1177,1167,1917
1980,936,1845
1980,1845,2758
1980,1013,935
1980,935,936
1256,1252,1867
1256,1867,1077
1256,1077,385
1255,936,935
1255,935,1254
1255,1248,1845
1255,1845,936
2521,2439,2129
2521,2129,2473
2521,1567,2439
1655,2657,2501
2472,2228,2439
2472,2439,1567
1673,2220,2269
2170,2049,2135
2170,2135,2239
2171,2240,2136
2171,2136,2657
2084,2444,2135
2084,2135,2049
2085,2657,2136
2085,2136,2443
2239,2135,1653
2239,1653,1804
2240,1805,1654
2240,1654,2136
2444,1704,1653
2444,1653,2135
2443,2136,1654
2443,1654,1703
2749,1077,1086
2749,2584,385
2749,385,1077
2582,1845,1248
2582,2758,1845
2439,1712,2129
2439,1658,1712
2220,1673,883
2228,1808,1658
2228,1658,2439
2220,985,1807
2220,883,985
1786,2749,2716
1786,1070,2749
1785,2758,1071
1785,2711,2758
1843,2584,2749
1843,2749,1070
1844,2758,2582
1844,1071,2758
1030,1321,1174
1673,2657,1655
985,883,1655
985,1655,1864
985,1864,1030
883,1673,1655
944,1608,2760
944,2760,2354
944,2354,2549
944,2549,2323
945,2324,2619
945,2619,2037
945,2037,1607
1069,2499,1720
1069,1720,1384
1068,1719,2498
1068,1397,1719
612,1590,2481
612,1419,2238
612,2238,1590
611,2480,1589
611,1589,2237
611,2237,1420
1066,2431,2391
1066,2391,2504
1066,2504,1634
1067,2505,2390
1067,2390,2432
1067,1633,2505
2391,2466,2504
2390,2505,2467
1384,2279,454
1384,1720,2279
1397,455,2278
1397,2278,1719
453,1573,1572
453,1572,1102
453,454,2279
453,2279,1573
452,1103,1571
452,1571,1574
452,1574,2278
452,2278,455
1419,449,2003
1419,2003,2238
1420,2237,2004
1420,2004,448
446,1119,1586
446,1586,1596
446,1596,2003
446,2003,449
447,448,2004
447,2004,1597
447,1597,1585
447,1585,1118
2504,2466,1747
2505,1748,2467
1066,1634,1757
1066,1757,2431
1067,2432,1756
1067,1756,1633
1757,2481,2431
1756,2432,2480
1757,612,2481
1756,2480,611
2646,2055,2751
1119,1561,1586
1119,2634,2760
1119,2760,1561
1118,1585,2055
1118,2055,2646
2483,2499,2466
2482,2467,2498
1747,2466,2499
1748,2498,2467
2499,1069,1747
2498,1748,1068
1102,2760,2634
1102,1572,2760
1103,2646,2073
1103,2073,1571
2751,2073,2646
2054,2395,2714
2609,2603,2040
2357,2718,2700
2132,512,1829
2132,1829,2130
2154,2729,1463
2154,1463,2165
2490,2066,1863
1523,1863,2066
2768,2745,2290
2396,2363,1652
2707,1652,2363
2447,438,1018
2447,2653,438
2653,2009,2001
1327,2130,2535
1327,2535,575
1327,1713,2768
1327,575,1713
1829,2768,2290
1829,2290,330
1829,330,2535
1829,2535,2130
86,2726,1918
86,2588,2726
86,1918,2384
86,2384,675
2384,2132,675
86,675,322
86,322,2588
675,2132,2130
675,2130,1327
675,2768,322
675,1327,2768
2384,1803,686
686,1803,2588
686,2132,2384
512,2132,686
512,686,2613
2613,686,2588
512,2613,1829
2613,2768,1829
2715,2685,1839
1839,2447,2163
1839,2163,557
557,2163,1601
1839,557,2715
2715,557,2386
1918,2726,2386
1918,2386,557
1918,557,2047
2047,557,1601
2047,2384,1918
2163,2447,1018
2163,1018,2685
2163,2685,2715
2047,2163,2715
2047,1601,2163
2047,2715,2726
2047,2726,1803
2154,1140,1085
2154,1085,2729
556,2154,2165
2154,556,2396
2154,2396,1140
1837,2707,556
2707,2396,556
1837,556,2165
1837,2165,2009
1463,2729,1370
1463,2756,1652
1463,1370,2756
507,2165,1463
507,1463,1652
507,2707,2001
507,2001,2165
2165,2001,2009
2066,2769,1187
2066,2490,2769
2490,317,2769
88,317,2490
88,2756,317
88,2490,2729
88,2729,1085
88,1085,2756
418,2490,1863
418,1863,2769
418,2769,2403
1370,2729,2490
1370,2490,418
1370,2403,2756
1370,418,2403
439,378,2506
378,2629,2506
439,2506,1523
439,1523,1187
439,1187,378
378,1187,2769
111,1523,2506
111,2506,790
111,790,2769
111,2769,1863
111,1863,1523
1187,1523,2066
1085,1140,2756
2001,2707,2564
1803,2384,2047
2376,2506,2629
2506,2376,790
575,2535,2311
575,2311,2745
575,2745,1713
330,2290,2745
330,2745,2311
330,2311,2535
2653,2763,2707
2653,2707,1837
2653,1837,2009
1839,2685,2763
1839,2763,2653
1839,2653,2447
2001,1028,2653
438,2763,2685
438,2685,1018
438,1028,2763
1028,438,2653
2768,1713,2745
2768,2613,322
322,2613,2588
2588,1803,2726
2715,2386,2726
2396,2756,1140
2707,2363,2396
2396,1652,2756
2707,507,1652
2403,2769,317
2403,317,2351
2756,2351,317
2756,2403,2351
2769,2629,378
2629,2769,790
2629,790,2376
2564,2707,2763
2564,1028,2001
2564,2763,1028
2133,2131,1828
2133,1828,436
2045,437,2275
2275,1359,2043
2043,1359,2050
2770,2605,2194
2371,2764,2493
2452,2740,2289
2452,2289,2744
2770,1623,2605
2636,2371,2493
2392,1997,2423
1328,2740,2452
1328,2452,1714
1328,1714,574
1328,2536,2131
1328,574,2536
1828,2536,331
1828,2131,2536
1828,331,2289
1828,2289,2740
87,1084,2764
87,321,674
87,2764,321
87,674,2013
2013,674,2133
87,2013,1084
2013,2607,1084
674,321,2740
674,2740,1328
674,1328,2131
674,2131,2133
584,2607,2013
584,2013,436
584,436,815
2013,2133,436
584,815,2638
584,2638,2764
436,1828,815
815,1828,2740
2449,1074,2636
2636,1074,2738
2449,2636,473
2449,473,2459
2449,2392,1074
2459,473,2493
2459,2493,1084
2493,2764,1084
2459,1084,2607
2449,1997,2392
2449,806,2636
2449,2636,1997
2636,2738,1997
2764,806,2459
806,2449,2459
2764,2459,2607
706,1083,2719
706,2719,1696
706,2275,1083
1117,706,1696
1696,2689,1117
1117,2275,706
1117,2045,2275
1359,437,813
1359,2275,437
1359,813,2372
1359,2372,1818
437,2053,1180
437,2045,2053
437,1180,813
813,1180,2689
708,2643,2770
708,2770,2194
708,2487,2643
2050,708,2110
2110,708,2194
2050,2110,1083
2050,1083,2043
2050,2487,708
1448,2643,2487
1448,2487,2050
1448,2050,814
1448,814,1623
1448,1623,2770
2050,1818,814
2643,1877,2770
1877,89,2770
2770,89,2628
1877,789,2637
1877,2643,1448
1877,1448,2770
1877,2770,789
1083,2275,2043
1083,2110,2719
1117,2053,2045
1117,2689,2053
1818,2050,1359
2764,2607,584
2637,2375,89
2375,2628,89
2637,89,1877
2637,789,2375
574,1714,2744
574,2744,2310
574,2310,2536
331,2536,2310
331,2310,2744
331,2744,2289
2053,2689,2765
2053,2765,2423
2423,1074,2392
2423,2765,2738
2423,2738,1074
1180,2053,2423
1180,2423,2557
1180,2557,2689
2765,1997,2738
1997,2765,2423
2423,2765,2557
2452,2744,1714
2740,321,2638
321,2764,2638
2740,2638,815
473,2636,2493
2764,2371,806
2371,2636,806
2719,2372,1696
1696,2372,2689
2372,2719,1818
2689,2372,813
2605,2719,2110
2605,2110,2194
2605,1623,814
2605,814,1818
2628,789,2770
2719,2605,1818
2628,2375,789
2557,2765,2689
1445,2433,2435
1445,2435,1436
442,2742,1435
442,1435,2461
194,1544,2524
194,2524,1147
194,1147,2722
1436,2435,1544
1436,1544,194
1436,194,2722
1744,2737,2524
1744,2524,1544
1744,1544,2435
2435,968,1744
2435,2433,1729
2435,1729,1530
2435,1530,968
2461,1517,1444
1515,1444,1517
1434,1515,2433
1434,2433,1445
1434,2565,1444
1434,1444,1515
1444,2565,442
2565,2742,442
1444,442,2461
1729,1662,1530
1729,2433,1515
1729,1515,291
1515,1517,291
1729,291,1662
2461,2669,291
291,2669,1662
2461,291,1517
2524,1670,1441
2733,1441,1670
162,2733,2342
162,2342,450
450,2342,2681
162,450,2645
162,2645,1441
162,1441,2733
1441,2645,1147
2645,2671,1147
1441,1147,2524
2733,1670,66
2342,2733,986
2733,66,986
1670,1851,66
66,1851,986
1670,2524,2737
1670,2737,1851
1435,2421,2461
1435,98,219
1435,219,2421
1832,2669,2461
1832,2461,2421
2566,1445,1436
2566,1436,2602
2722,1147,2671
2602,1436,2722
2576,2565,1434
2576,1434,2566
2566,1434,1445
2681,2645,450
2742,2575,98
2742,98,1435
2566,968,1530
2565,1662,2669
1832,2742,2669
2566,1530,2576
2722,2737,1744
2602,2722,1744
2602,1744,968
2602,968,2566
2576,1530,1662
2576,1662,2565
2669,2742,2565
2645,2681,2342
2645,2342,986
2645,986,1851
1851,2671,2645
1851,2737,2671
2575,2742,1832
2737,2722,2671
219,98,2594
219,2611,2421
219,2594,2611
2594,1832,2421
2594,2421,2611
2575,2594,98
286,1832,2594
2594,2575,286
2575,1832,286
444,2591,1438
444,1438,2656
443,2460,1437
443,1437,2693
2525,2667,1774
193,1146,2525
193,2525,1543
193,2723,1146
1438,193,1543
1438,1543,2656
1438,2723,193
1774,1133,2656
1774,2656,1543
1774,1543,2525
1133,1614,2656
2460,1442,1518
1514,1518,1442
147,444,1514
1514,444,2656
147,1514,1442
147,1442,2655
147,2655,2591
147,2591,444
1442,2460,443
1442,443,2655
2655,443,2693
1850,292,1514
1514,292,1518
1850,1514,2656
1850,2656,1614
2460,292,2743
292,1850,2743
2460,1518,292
2525,1443,1671
2734,1671,1443
163,2343,2734
163,2734,1443
163,1443,2659
163,2659,451
163,451,2343
451,2672,2343
1443,2525,1146
1443,1146,2659
2659,1146,2670
2343,987,2734
2734,987,67
2734,67,1671
1671,67,2659
67,987,2659
1671,2659,2667
1671,2667,2525
1437,2460,2422
1437,2422,218
1437,218,99
1831,2460,2743
1831,2422,2460
2591,2649,1438
2723,2670,1146
2358,1438,2649
2358,2723,1438
2591,2655,2345
2355,451,2659
2355,2672,451
2693,1437,99
2693,99,2574
2649,1614,1133
1850,1614,2649
2345,2743,1850
2723,1774,2667
2649,1133,1774
2649,1774,2723
2649,2723,2358
2591,2345,1850
2591,1850,2649
2345,2655,2743
2355,2659,987
2355,987,2343
2355,2343,2672
2659,2670,2667
2574,1831,2743
2574,2743,2693
2667,2670,2723
2743,2655,2693
218,2422,2612
218,2612,2593
218,2593,99
2593,2612,2422
2593,2422,1831
2574,99,2593
287,2593,1831
2593,287,2574
2574,287,1831
